prompt_id,g_profile,g_function,g_spec,g_attention_scales,rep,target_text,target_num_tokens,target_seq_logprob,target_avg_logprob,target_geo_mean_prob,target_first_token_rank,target_first_token_prob,target_rank,target_prob,final_entropy_bits,kl_from_baseline,elapsed_time,model,cartridge,type,tier,source,prompt,target,tokens_approx,metadata_json,g_family,baseline_target_prob,baseline_target_rank,baseline_target_avg_logprob,baseline_target_geo_mean_prob,baseline_final_entropy_bits,baseline_mean_entropy_bits,baseline_top1_top2_logit_margin,baseline_attn_entropy_mean,delta_target_prob,delta_target_rank,delta_target_avg_logprob,delta_target_geo_mean_prob,delta_final_entropy_bits
alg_gen_arithmetic_0000,baseline,constant,"{""g_function"": ""constant"", ""g_params"": {""value"": 1.0}, ""name"": ""baseline""}","[1.0, 1.0, 1.0, 1.0, 1.0, 1.0]",1, 97,3,-1.72,-0.57,0.56,2,0.21,2,0.21,1.38,,42.86,Qwen/Qwen3.5-2B-Base,uniform_check_lite,algorithmic,short,gen_arithmetic,82 + 15 =, 97,5,"{""a"": 82, ""b"": 15, ""operation"": ""+""}",baseline,0.21,2.0,-0.57,0.56,1.38,3.32,1.23,1.89,0.0,0.0,0.0,0.0,0.0
alg_gen_arithmetic_0000,constant_0.5,constant,"{""g_function"": ""constant"", ""g_params"": {""value"": 0.5}, ""name"": ""constant_0.5""}","[0.5, 0.5, 0.5, 0.5, 0.5, 0.5]",1, 97,3,-12.17,-4.06,0.02,1,0.48,1,0.48,8.69,7.26,0.56,Qwen/Qwen3.5-2B-Base,uniform_check_lite,algorithmic,short,gen_arithmetic,82 + 15 =, 97,5,"{""a"": 82, ""b"": 15, ""operation"": ""+""}",constant,0.21,2.0,-0.57,0.56,1.38,3.32,1.23,1.89,0.28,-1.0,-3.49,-0.55,7.31
alg_gen_arithmetic_0000,constant_0.75,constant,"{""g_function"": ""constant"", ""g_params"": {""value"": 0.75}, ""name"": ""constant_0.75""}","[0.75, 0.75, 0.75, 0.75, 0.75, 0.75]",1, 97,3,-0.71,-0.24,0.79,1,0.59,1,0.59,2.13,0.59,0.4,Qwen/Qwen3.5-2B-Base,uniform_check_lite,algorithmic,short,gen_arithmetic,82 + 15 =, 97,5,"{""a"": 82, ""b"": 15, ""operation"": ""+""}",constant,0.21,2.0,-0.57,0.56,1.38,3.32,1.23,1.89,0.38,-1.0,0.34,0.23,0.75
alg_gen_arithmetic_0000,constant_1.25,constant,"{""g_function"": ""constant"", ""g_params"": {""value"": 1.25}, ""name"": ""constant_1.25""}","[1.25, 1.25, 1.25, 1.25, 1.25, 1.25]",1, 97,3,-1.32,-0.44,0.64,2,0.31,2,0.31,1.5,0.05,0.34,Qwen/Qwen3.5-2B-Base,uniform_check_lite,algorithmic,short,gen_arithmetic,82 + 15 =, 97,5,"{""a"": 82, ""b"": 15, ""operation"": ""+""}",constant,0.21,2.0,-0.57,0.56,1.38,3.32,1.23,1.89,0.1,0.0,0.13,0.08,0.12
alg_gen_arithmetic_0000,constant_1.5,constant,"{""g_function"": ""constant"", ""g_params"": {""value"": 1.5}, ""name"": ""constant_1.5""}","[1.5, 1.5, 1.5, 1.5, 1.5, 1.5]",1, 97,3,-3.16,-1.05,0.35,1,0.48,1,0.48,1.5,0.29,0.35,Qwen/Qwen3.5-2B-Base,uniform_check_lite,algorithmic,short,gen_arithmetic,82 + 15 =, 97,5,"{""a"": 82, ""b"": 15, ""operation"": ""+""}",constant,0.21,2.0,-0.57,0.56,1.38,3.32,1.23,1.89,0.28,-1.0,-0.48,-0.22,0.12
alg_gen_arithmetic_0001,baseline,constant,"{""g_function"": ""constant"", ""g_params"": {""value"": 1.0}, ""name"": ""baseline""}","[1.0, 1.0, 1.0, 1.0, 1.0, 1.0]",1, 131,4,-1.79,-0.45,0.64,2,0.23,2,0.23,1.59,,0.65,Qwen/Qwen3.5-2B-Base,uniform_check_lite,algorithmic,short,gen_arithmetic,95 + 36 =, 131,5,"{""a"": 95, ""b"": 36, ""operation"": ""+""}",baseline,0.23,2.0,-0.45,0.64,1.59,3.39,1.08,1.91,0.0,0.0,0.0,0.0,0.0
alg_gen_arithmetic_0001,constant_0.5,constant,"{""g_function"": ""constant"", ""g_params"": {""value"": 0.5}, ""name"": ""constant_0.5""}","[0.5, 0.5, 0.5, 0.5, 0.5, 0.5]",1, 131,4,-15.87,-3.97,0.02,3,0.03,3,0.03,0.81,11.19,0.28,Qwen/Qwen3.5-2B-Base,uniform_check_lite,algorithmic,short,gen_arithmetic,95 + 36 =, 131,5,"{""a"": 95, ""b"": 36, ""operation"": ""+""}",constant,0.23,2.0,-0.45,0.64,1.59,3.39,1.08,1.91,-0.2,1.0,-3.52,-0.62,-0.78
alg_gen_arithmetic_0001,constant_0.75,constant,"{""g_function"": ""constant"", ""g_params"": {""value"": 0.75}, ""name"": ""constant_0.75""}","[0.75, 0.75, 0.75, 0.75, 0.75, 0.75]",1, 131,4,-1.68,-0.42,0.66,1,0.58,1,0.58,2.68,0.63,0.3,Qwen/Qwen3.5-2B-Base,uniform_check_lite,algorithmic,short,gen_arithmetic,95 + 36 =, 131,5,"{""a"": 95, ""b"": 36, ""operation"": ""+""}",constant,0.23,2.0,-0.45,0.64,1.59,3.39,1.08,1.91,0.35,-1.0,0.03,0.02,1.09
alg_gen_arithmetic_0001,constant_1.25,constant,"{""g_function"": ""constant"", ""g_params"": {""value"": 1.25}, ""name"": ""constant_1.25""}","[1.25, 1.25, 1.25, 1.25, 1.25, 1.25]",1, 131,4,-2.02,-0.5,0.6,2,0.31,2,0.31,1.5,0.06,0.45,Qwen/Qwen3.5-2B-Base,uniform_check_lite,algorithmic,short,gen_arithmetic,95 + 36 =, 131,5,"{""a"": 95, ""b"": 36, ""operation"": ""+""}",constant,0.23,2.0,-0.45,0.64,1.59,3.39,1.08,1.91,0.08,0.0,-0.06,-0.04,-0.09
alg_gen_arithmetic_0001,constant_1.5,constant,"{""g_function"": ""constant"", ""g_params"": {""value"": 1.5}, ""name"": ""constant_1.5""}","[1.5, 1.5, 1.5, 1.5, 1.5, 1.5]",1, 131,4,-5.93,-1.48,0.23,1,0.49,1,0.49,1.5,0.31,0.2,Qwen/Qwen3.5-2B-Base,uniform_check_lite,algorithmic,short,gen_arithmetic,95 + 36 =, 131,5,"{""a"": 95, ""b"": 36, ""operation"": ""+""}",constant,0.23,2.0,-0.45,0.64,1.59,3.39,1.08,1.91,0.26,-1.0,-1.04,-0.41,-0.09
alg_gen_arithmetic_0002,baseline,constant,"{""g_function"": ""constant"", ""g_params"": {""value"": 1.0}, ""name"": ""baseline""}","[1.0, 1.0, 1.0, 1.0, 1.0, 1.0]",1, 72,3,-1.05,-0.35,0.7,1,0.42,1,0.42,3.05,,74.15,Qwen/Qwen3.5-2B-Base,uniform_check_lite,algorithmic,short,gen_arithmetic,4 * 18 =, 72,5,"{""a"": 4, ""b"": 18, ""operation"": ""*""}",baseline,0.42,1.0,-0.35,0.7,3.05,5.03,0.62,1.71,0.0,0.0,0.0,0.0,0.0
alg_gen_arithmetic_0002,constant_0.5,constant,"{""g_function"": ""constant"", ""g_params"": {""value"": 0.5}, ""name"": ""constant_0.5""}","[0.5, 0.5, 0.5, 0.5, 0.5, 0.5]",1, 72,3,-11.67,-3.89,0.02,1,0.27,1,0.27,6.49,3.18,0.55,Qwen/Qwen3.5-2B-Base,uniform_check_lite,algorithmic,short,gen_arithmetic,4 * 18 =, 72,5,"{""a"": 4, ""b"": 18, ""operation"": ""*""}",constant,0.42,1.0,-0.35,0.7,3.05,5.03,0.62,1.71,-0.16,0.0,-3.54,-0.68,3.44
alg_gen_arithmetic_0002,constant_0.75,constant,"{""g_function"": ""constant"", ""g_params"": {""value"": 0.75}, ""name"": ""constant_0.75""}","[0.75, 0.75, 0.75, 0.75, 0.75, 0.75]",1, 72,3,-2.86,-0.95,0.39,1,0.28,1,0.28,5.11,0.43,0.33,Qwen/Qwen3.5-2B-Base,uniform_check_lite,algorithmic,short,gen_arithmetic,4 * 18 =, 72,5,"{""a"": 4, ""b"": 18, ""operation"": ""*""}",constant,0.42,1.0,-0.35,0.7,3.05,5.03,0.62,1.71,-0.14,0.0,-0.6,-0.32,2.06
alg_gen_arithmetic_0002,constant_1.25,constant,"{""g_function"": ""constant"", ""g_params"": {""value"": 1.25}, ""name"": ""constant_1.25""}","[1.25, 1.25, 1.25, 1.25, 1.25, 1.25]",1, 72,3,-0.5,-0.17,0.85,1,0.67,1,0.67,1.96,0.26,0.17,Qwen/Qwen3.5-2B-Base,uniform_check_lite,algorithmic,short,gen_arithmetic,4 * 18 =, 72,5,"{""a"": 4, ""b"": 18, ""operation"": ""*""}",constant,0.42,1.0,-0.35,0.7,3.05,5.03,0.62,1.71,0.24,0.0,0.18,0.14,-1.09
alg_gen_arithmetic_0002,constant_1.5,constant,"{""g_function"": ""constant"", ""g_params"": {""value"": 1.5}, ""name"": ""constant_1.5""}","[1.5, 1.5, 1.5, 1.5, 1.5, 1.5]",1, 72,3,-3.21,-1.07,0.34,1,0.82,1,0.82,1.19,1.06,0.16,Qwen/Qwen3.5-2B-Base,uniform_check_lite,algorithmic,short,gen_arithmetic,4 * 18 =, 72,5,"{""a"": 4, ""b"": 18, ""operation"": ""*""}",constant,0.42,1.0,-0.35,0.7,3.05,5.03,0.62,1.71,0.39,0.0,-0.72,-0.36,-1.86
alg_gen_arithmetic_0003,baseline,constant,"{""g_function"": ""constant"", ""g_params"": {""value"": 1.0}, ""name"": ""baseline""}","[1.0, 1.0, 1.0, 1.0, 1.0, 1.0]",1, -64,3,-2.1,-0.7,0.5,2,0.14,2,0.14,2.17,,0.3,Qwen/Qwen3.5-2B-Base,uniform_check_lite,algorithmic,short,gen_arithmetic,12 - 76 =, -64,5,"{""a"": 12, ""b"": 76, ""operation"": ""-""}",baseline,0.14,2.0,-0.7,0.5,2.17,4.94,1.5,2.01,0.0,0.0,0.0,0.0,0.0
alg_gen_arithmetic_0003,constant_0.5,constant,"{""g_function"": ""constant"", ""g_params"": {""value"": 0.5}, ""name"": ""constant_0.5""}","[0.5, 0.5, 0.5, 0.5, 0.5, 0.5]",1, -64,3,-16.76,-5.59,0.0,2,0.24,2,0.24,2.01,7.42,0.14,Qwen/Qwen3.5-2B-Base,uniform_check_lite,algorithmic,short,gen_arithmetic,12 - 76 =, -64,5,"{""a"": 12, ""b"": 76, ""operation"": ""-""}",constant,0.14,2.0,-0.7,0.5,2.17,4.94,1.5,2.01,0.1,0.0,-4.88,-0.49,-0.16
alg_gen_arithmetic_0003,constant_0.75,constant,"{""g_function"": ""constant"", ""g_params"": {""value"": 0.75}, ""name"": ""constant_0.75""}","[0.75, 0.75, 0.75, 0.75, 0.75, 0.75]",1, -64,3,-6.71,-2.24,0.11,9,0.01,9,0.01,4.12,1.12,0.17,Qwen/Qwen3.5-2B-Base,uniform_check_lite,algorithmic,short,gen_arithmetic,12 - 76 =, -64,5,"{""a"": 12, ""b"": 76, ""operation"": ""-""}",constant,0.14,2.0,-0.7,0.5,2.17,4.94,1.5,2.01,-0.13,7.0,-1.53,-0.39,1.95
alg_gen_arithmetic_0003,constant_1.25,constant,"{""g_function"": ""constant"", ""g_params"": {""value"": 1.25}, ""name"": ""constant_1.25""}","[1.25, 1.25, 1.25, 1.25, 1.25, 1.25]",1, -64,3,-3.15,-1.05,0.35,3,0.06,3,0.06,1.62,0.11,0.19,Qwen/Qwen3.5-2B-Base,uniform_check_lite,algorithmic,short,gen_arithmetic,12 - 76 =, -64,5,"{""a"": 12, ""b"": 76, ""operation"": ""-""}",constant,0.14,2.0,-0.7,0.5,2.17,4.94,1.5,2.01,-0.08,1.0,-0.35,-0.15,-0.54
alg_gen_arithmetic_0003,constant_1.5,constant,"{""g_function"": ""constant"", ""g_params"": {""value"": 1.5}, ""name"": ""constant_1.5""}","[1.5, 1.5, 1.5, 1.5, 1.5, 1.5]",1, -64,3,-7.16,-2.39,0.09,3,0.03,3,0.03,1.59,0.38,0.19,Qwen/Qwen3.5-2B-Base,uniform_check_lite,algorithmic,short,gen_arithmetic,12 - 76 =, -64,5,"{""a"": 12, ""b"": 76, ""operation"": ""-""}",constant,0.14,2.0,-0.7,0.5,2.17,4.94,1.5,2.01,-0.11,1.0,-1.69,-0.4,-0.58
alg_gen_arithmetic_0004,baseline,constant,"{""g_function"": ""constant"", ""g_params"": {""value"": 1.0}, ""name"": ""baseline""}","[1.0, 1.0, 1.0, 1.0, 1.0, 1.0]",1, 9,2,-1.72,-0.86,0.42,2,0.31,2,0.31,2.08,,0.67,Qwen/Qwen3.5-2B-Base,uniform_check_lite,algorithmic,short,gen_arithmetic,5 + 4 =, 9,5,"{""a"": 5, ""b"": 4, ""operation"": ""+""}",baseline,0.31,2.0,-0.86,0.42,2.08,3.86,0.59,1.78,0.0,0.0,0.0,0.0,0.0
alg_gen_arithmetic_0004,constant_0.5,constant,"{""g_function"": ""constant"", ""g_params"": {""value"": 0.5}, ""name"": ""constant_0.5""}","[0.5, 0.5, 0.5, 0.5, 0.5, 0.5]",1, 9,2,-9.89,-4.95,0.01,20,0.0,20,0.0,6.6,6.07,0.16,Qwen/Qwen3.5-2B-Base,uniform_check_lite,algorithmic,short,gen_arithmetic,5 + 4 =, 9,5,"{""a"": 5, ""b"": 4, ""operation"": ""+""}",constant,0.31,2.0,-0.86,0.42,2.08,3.86,0.59,1.78,-0.3,18.0,-4.09,-0.42,4.53
alg_gen_arithmetic_0004,constant_0.75,constant,"{""g_function"": ""constant"", ""g_params"": {""value"": 0.75}, ""name"": ""constant_0.75""}","[0.75, 0.75, 0.75, 0.75, 0.75, 0.75]",1, 9,2,-1.59,-0.79,0.45,1,0.5,1,0.5,2.91,0.27,0.23,Qwen/Qwen3.5-2B-Base,uniform_check_lite,algorithmic,short,gen_arithmetic,5 + 4 =, 9,5,"{""a"": 5, ""b"": 4, ""operation"": ""+""}",constant,0.31,2.0,-0.86,0.42,2.08,3.86,0.59,1.78,0.2,-1.0,0.07,0.03,0.84
alg_gen_arithmetic_0004,constant_1.25,constant,"{""g_function"": ""constant"", ""g_params"": {""value"": 1.25}, ""name"": ""constant_1.25""}","[1.25, 1.25, 1.25, 1.25, 1.25, 1.25]",1, 9,2,-1.19,-0.59,0.55,2,0.44,2,0.44,1.8,0.07,0.15,Qwen/Qwen3.5-2B-Base,uniform_check_lite,algorithmic,short,gen_arithmetic,5 + 4 =, 9,5,"{""a"": 5, ""b"": 4, ""operation"": ""+""}",constant,0.31,2.0,-0.86,0.42,2.08,3.86,0.59,1.78,0.14,0.0,0.27,0.13,-0.28
alg_gen_arithmetic_0004,constant_1.5,constant,"{""g_function"": ""constant"", ""g_params"": {""value"": 1.5}, ""name"": ""constant_1.5""}","[1.5, 1.5, 1.5, 1.5, 1.5, 1.5]",1, 9,2,-2.31,-1.15,0.32,1,0.64,1,0.64,1.54,0.42,0.18,Qwen/Qwen3.5-2B-Base,uniform_check_lite,algorithmic,short,gen_arithmetic,5 + 4 =, 9,5,"{""a"": 5, ""b"": 4, ""operation"": ""+""}",constant,0.31,2.0,-0.86,0.42,2.08,3.86,0.59,1.78,0.33,-1.0,-0.29,-0.11,-0.54
alg_gen_arithmetic_0005,baseline,constant,"{""g_function"": ""constant"", ""g_params"": {""value"": 1.0}, ""name"": ""baseline""}","[1.0, 1.0, 1.0, 1.0, 1.0, 1.0]",1, 20,3,-0.2,-0.07,0.94,1,0.85,1,0.85,1.34,,0.17,Qwen/Qwen3.5-2B-Base,uniform_check_lite,algorithmic,short,gen_arithmetic,20 * 1 =, 20,5,"{""a"": 20, ""b"": 1, ""operation"": ""*""}",baseline,0.85,1.0,-0.07,0.94,1.34,3.6,3.0,1.77,0.0,0.0,0.0,0.0,0.0
alg_gen_arithmetic_0005,constant_0.5,constant,"{""g_function"": ""constant"", ""g_params"": {""value"": 0.5}, ""name"": ""constant_0.5""}","[0.5, 0.5, 0.5, 0.5, 0.5, 0.5]",1, 20,3,-8.33,-2.78,0.06,4,0.05,4,0.05,3.58,3.05,0.12,Qwen/Qwen3.5-2B-Base,uniform_check_lite,algorithmic,short,gen_arithmetic,20 * 1 =, 20,5,"{""a"": 20, ""b"": 1, ""operation"": ""*""}",constant,0.85,1.0,-0.07,0.94,1.34,3.6,3.0,1.77,-0.8,3.0,-2.71,-0.87,2.25
alg_gen_arithmetic_0005,constant_0.75,constant,"{""g_function"": ""constant"", ""g_params"": {""value"": 0.75}, ""name"": ""constant_0.75""}","[0.75, 0.75, 0.75, 0.75, 0.75, 0.75]",1, 20,3,-1.01,-0.34,0.72,1,0.5,1,0.5,3.01,0.48,0.23,Qwen/Qwen3.5-2B-Base,uniform_check_lite,algorithmic,short,gen_arithmetic,20 * 1 =, 20,5,"{""a"": 20, ""b"": 1, ""operation"": ""*""}",constant,0.85,1.0,-0.07,0.94,1.34,3.6,3.0,1.77,-0.36,0.0,-0.27,-0.22,1.67
alg_gen_arithmetic_0005,constant_1.25,constant,"{""g_function"": ""constant"", ""g_params"": {""value"": 1.25}, ""name"": ""constant_1.25""}","[1.25, 1.25, 1.25, 1.25, 1.25, 1.25]",1, 20,3,-0.18,-0.06,0.94,1,0.91,1,0.91,0.83,0.05,0.23,Qwen/Qwen3.5-2B-Base,uniform_check_lite,algorithmic,short,gen_arithmetic,20 * 1 =, 20,5,"{""a"": 20, ""b"": 1, ""operation"": ""*""}",constant,0.85,1.0,-0.07,0.94,1.34,3.6,3.0,1.77,0.06,0.0,0.0,0.0,-0.5
alg_gen_arithmetic_0005,constant_1.5,constant,"{""g_function"": ""constant"", ""g_params"": {""value"": 1.5}, ""name"": ""constant_1.5""}","[1.5, 1.5, 1.5, 1.5, 1.5, 1.5]",1, 20,3,-0.63,-0.21,0.81,1,0.95,1,0.95,0.51,0.21,0.28,Qwen/Qwen3.5-2B-Base,uniform_check_lite,algorithmic,short,gen_arithmetic,20 * 1 =, 20,5,"{""a"": 20, ""b"": 1, ""operation"": ""*""}",constant,0.85,1.0,-0.07,0.94,1.34,3.6,3.0,1.77,0.1,0.0,-0.15,-0.13,-0.83
alg_gen_arithmetic_0006,baseline,constant,"{""g_function"": ""constant"", ""g_params"": {""value"": 1.0}, ""name"": ""baseline""}","[1.0, 1.0, 1.0, 1.0, 1.0, 1.0]",1, 252,4,-1.05,-0.26,0.77,1,0.45,1,0.45,3.15,,0.19,Qwen/Qwen3.5-2B-Base,uniform_check_lite,algorithmic,short,gen_arithmetic,18 * 14 =, 252,5,"{""a"": 18, ""b"": 14, ""operation"": ""*""}",baseline,0.45,1.0,-0.26,0.77,3.15,4.66,0.62,1.91,0.0,0.0,0.0,0.0,0.0
alg_gen_arithmetic_0006,constant_0.5,constant,"{""g_function"": ""constant"", ""g_params"": {""value"": 0.5}, ""name"": ""constant_0.5""}","[0.5, 0.5, 0.5, 0.5, 0.5, 0.5]",1, 252,4,-24.6,-6.15,0.0,18,0.0,18,0.0,3.56,6.21,0.21,Qwen/Qwen3.5-2B-Base,uniform_check_lite,algorithmic,short,gen_arithmetic,18 * 14 =, 252,5,"{""a"": 18, ""b"": 14, ""operation"": ""*""}",constant,0.45,1.0,-0.26,0.77,3.15,4.66,0.62,1.91,-0.45,17.0,-5.89,-0.77,0.42
alg_gen_arithmetic_0006,constant_0.75,constant,"{""g_function"": ""constant"", ""g_params"": {""value"": 0.75}, ""name"": ""constant_0.75""}","[0.75, 0.75, 0.75, 0.75, 0.75, 0.75]",1, 252,4,-2.3,-0.58,0.56,1,0.37,1,0.37,4.21,0.17,0.2,Qwen/Qwen3.5-2B-Base,uniform_check_lite,algorithmic,short,gen_arithmetic,18 * 14 =, 252,5,"{""a"": 18, ""b"": 14, ""operation"": ""*""}",constant,0.45,1.0,-0.26,0.77,3.15,4.66,0.62,1.91,-0.07,0.0,-0.31,-0.21,1.06
alg_gen_arithmetic_0006,constant_1.25,constant,"{""g_function"": ""constant"", ""g_params"": {""value"": 1.25}, ""name"": ""constant_1.25""}","[1.25, 1.25, 1.25, 1.25, 1.25, 1.25]",1, 252,4,-0.69,-0.17,0.84,1,0.61,1,0.61,2.1,0.18,0.15,Qwen/Qwen3.5-2B-Base,uniform_check_lite,algorithmic,short,gen_arithmetic,18 * 14 =, 252,5,"{""a"": 18, ""b"": 14, ""operation"": ""*""}",constant,0.45,1.0,-0.26,0.77,3.15,4.66,0.62,1.91,0.16,0.0,0.09,0.07,-1.04
alg_gen_arithmetic_0006,constant_1.5,constant,"{""g_function"": ""constant"", ""g_params"": {""value"": 1.5}, ""name"": ""constant_1.5""}","[1.5, 1.5, 1.5, 1.5, 1.5, 1.5]",1, 252,4,-5.77,-1.44,0.24,1,0.68,1,0.68,1.65,0.68,0.22,Qwen/Qwen3.5-2B-Base,uniform_check_lite,algorithmic,short,gen_arithmetic,18 * 14 =, 252,5,"{""a"": 18, ""b"": 14, ""operation"": ""*""}",constant,0.45,1.0,-0.26,0.77,3.15,4.66,0.62,1.91,0.24,0.0,-1.18,-0.53,-1.5
alg_gen_arithmetic_0007,baseline,constant,"{""g_function"": ""constant"", ""g_params"": {""value"": 1.0}, ""name"": ""baseline""}","[1.0, 1.0, 1.0, 1.0, 1.0, 1.0]",1, 9,2,-0.26,-0.13,0.88,1,0.85,1,0.85,1.44,,0.19,Qwen/Qwen3.5-2B-Base,uniform_check_lite,algorithmic,short,gen_arithmetic,9 * 1 =, 9,5,"{""a"": 9, ""b"": 1, ""operation"": ""*""}",baseline,0.85,1.0,-0.13,0.88,1.44,4.36,2.98,1.5,0.0,0.0,0.0,0.0,0.0
alg_gen_arithmetic_0007,constant_0.5,constant,"{""g_function"": ""constant"", ""g_params"": {""value"": 0.5}, ""name"": ""constant_0.5""}","[0.5, 0.5, 0.5, 0.5, 0.5, 0.5]",1, 9,2,-4.67,-2.33,0.1,1,0.16,1,0.16,6.29,1.79,0.14,Qwen/Qwen3.5-2B-Base,uniform_check_lite,algorithmic,short,gen_arithmetic,9 * 1 =, 9,5,"{""a"": 9, ""b"": 1, ""operation"": ""*""}",constant,0.85,1.0,-0.13,0.88,1.44,4.36,2.98,1.5,-0.7,0.0,-2.2,-0.78,4.85
alg_gen_arithmetic_0007,constant_0.75,constant,"{""g_function"": ""constant"", ""g_params"": {""value"": 0.75}, ""name"": ""constant_0.75""}","[0.75, 0.75, 0.75, 0.75, 0.75, 0.75]",1, 9,2,-2.37,-1.18,0.31,1,0.58,1,0.58,3.7,0.33,0.2,Qwen/Qwen3.5-2B-Base,uniform_check_lite,algorithmic,short,gen_arithmetic,9 * 1 =, 9,5,"{""a"": 9, ""b"": 1, ""operation"": ""*""}",constant,0.85,1.0,-0.13,0.88,1.44,4.36,2.98,1.5,-0.28,0.0,-1.05,-0.57,2.27
alg_gen_arithmetic_0007,constant_1.25,constant,"{""g_function"": ""constant"", ""g_params"": {""value"": 1.25}, ""name"": ""constant_1.25""}","[1.25, 1.25, 1.25, 1.25, 1.25, 1.25]",1, 9,2,-0.29,-0.15,0.86,1,0.89,1,0.89,0.99,0.04,0.15,Qwen/Qwen3.5-2B-Base,uniform_check_lite,algorithmic,short,gen_arithmetic,9 * 1 =, 9,5,"{""a"": 9, ""b"": 1, ""operation"": ""*""}",constant,0.85,1.0,-0.13,0.88,1.44,4.36,2.98,1.5,0.04,0.0,-0.02,-0.01,-0.45
alg_gen_arithmetic_0007,constant_1.5,constant,"{""g_function"": ""constant"", ""g_params"": {""value"": 1.5}, ""name"": ""constant_1.5""}","[1.5, 1.5, 1.5, 1.5, 1.5, 1.5]",1, 9,2,-0.58,-0.29,0.75,1,0.95,1,0.95,0.52,0.18,0.2,Qwen/Qwen3.5-2B-Base,uniform_check_lite,algorithmic,short,gen_arithmetic,9 * 1 =, 9,5,"{""a"": 9, ""b"": 1, ""operation"": ""*""}",constant,0.85,1.0,-0.13,0.88,1.44,4.36,2.98,1.5,0.1,0.0,-0.16,-0.13,-0.91
alg_gen_arithmetic_0008,baseline,constant,"{""g_function"": ""constant"", ""g_params"": {""value"": 1.0}, ""name"": ""baseline""}","[1.0, 1.0, 1.0, 1.0, 1.0, 1.0]",1, 154,4,-1.32,-0.33,0.72,1,0.4,1,0.4,3.12,,0.16,Qwen/Qwen3.5-2B-Base,uniform_check_lite,algorithmic,short,gen_arithmetic,14 * 11 =, 154,5,"{""a"": 14, ""b"": 11, ""operation"": ""*""}",baseline,0.4,1.0,-0.33,0.72,3.12,4.89,0.33,1.94,0.0,0.0,0.0,0.0,0.0
alg_gen_arithmetic_0008,constant_0.5,constant,"{""g_function"": ""constant"", ""g_params"": {""value"": 0.5}, ""name"": ""constant_0.5""}","[0.5, 0.5, 0.5, 0.5, 0.5, 0.5]",1, 154,4,-15.62,-3.91,0.02,10,0.02,10,0.02,6.29,3.3,0.14,Qwen/Qwen3.5-2B-Base,uniform_check_lite,algorithmic,short,gen_arithmetic,14 * 11 =, 154,5,"{""a"": 14, ""b"": 11, ""operation"": ""*""}",constant,0.4,1.0,-0.33,0.72,3.12,4.89,0.33,1.94,-0.38,9.0,-3.58,-0.7,3.18
alg_gen_arithmetic_0008,constant_0.75,constant,"{""g_function"": ""constant"", ""g_params"": {""value"": 0.75}, ""name"": ""constant_0.75""}","[0.75, 0.75, 0.75, 0.75, 0.75, 0.75]",1, 154,4,-3.09,-0.77,0.46,1,0.45,1,0.45,3.96,0.17,0.36,Qwen/Qwen3.5-2B-Base,uniform_check_lite,algorithmic,short,gen_arithmetic,14 * 11 =, 154,5,"{""a"": 14, ""b"": 11, ""operation"": ""*""}",constant,0.4,1.0,-0.33,0.72,3.12,4.89,0.33,1.94,0.06,0.0,-0.44,-0.26,0.85
alg_gen_arithmetic_0008,constant_1.25,constant,"{""g_function"": ""constant"", ""g_params"": {""value"": 1.25}, ""name"": ""constant_1.25""}","[1.25, 1.25, 1.25, 1.25, 1.25, 1.25]",1, 154,4,-1.92,-0.48,0.62,1,0.61,1,0.61,2.03,0.2,0.18,Qwen/Qwen3.5-2B-Base,uniform_check_lite,algorithmic,short,gen_arithmetic,14 * 11 =, 154,5,"{""a"": 14, ""b"": 11, ""operation"": ""*""}",constant,0.4,1.0,-0.33,0.72,3.12,4.89,0.33,1.94,0.21,0.0,-0.15,-0.1,-1.09
alg_gen_arithmetic_0008,constant_1.5,constant,"{""g_function"": ""constant"", ""g_params"": {""value"": 1.5}, ""name"": ""constant_1.5""}","[1.5, 1.5, 1.5, 1.5, 1.5, 1.5]",1, 154,4,-7.57,-1.89,0.15,1,0.7,1,0.7,1.56,0.72,0.19,Qwen/Qwen3.5-2B-Base,uniform_check_lite,algorithmic,short,gen_arithmetic,14 * 11 =, 154,5,"{""a"": 14, ""b"": 11, ""operation"": ""*""}",constant,0.4,1.0,-0.33,0.72,3.12,4.89,0.33,1.94,0.3,0.0,-1.56,-0.57,-1.55
alg_gen_arithmetic_0009,baseline,constant,"{""g_function"": ""constant"", ""g_params"": {""value"": 1.0}, ""name"": ""baseline""}","[1.0, 1.0, 1.0, 1.0, 1.0, 1.0]",1, 56,3,-1.45,-0.48,0.62,2,0.34,2,0.34,1.89,,0.14,Qwen/Qwen3.5-2B-Base,uniform_check_lite,algorithmic,short,gen_arithmetic,36 + 20 =, 56,5,"{""a"": 36, ""b"": 20, ""operation"": ""+""}",baseline,0.34,2.0,-0.48,0.62,1.89,3.46,0.52,1.94,0.0,0.0,0.0,0.0,0.0
alg_gen_arithmetic_0009,constant_0.5,constant,"{""g_function"": ""constant"", ""g_params"": {""value"": 0.5}, ""name"": ""constant_0.5""}","[0.5, 0.5, 0.5, 0.5, 0.5, 0.5]",1, 56,3,-17.15,-5.72,0.0,7,0.01,7,0.01,6.26,4.49,0.14,Qwen/Qwen3.5-2B-Base,uniform_check_lite,algorithmic,short,gen_arithmetic,36 + 20 =, 56,5,"{""a"": 36, ""b"": 20, ""operation"": ""+""}",constant,0.34,2.0,-0.48,0.62,1.89,3.46,0.52,1.94,-0.33,5.0,-5.23,-0.61,4.37
alg_gen_arithmetic_0009,constant_0.75,constant,"{""g_function"": ""constant"", ""g_params"": {""value"": 0.75}, ""name"": ""constant_0.75""}","[0.75, 0.75, 0.75, 0.75, 0.75, 0.75]",1, 56,3,-0.99,-0.33,0.72,1,0.64,1,0.64,1.93,0.33,0.28,Qwen/Qwen3.5-2B-Base,uniform_check_lite,algorithmic,short,gen_arithmetic,36 + 20 =, 56,5,"{""a"": 36, ""b"": 20, ""operation"": ""+""}",constant,0.34,2.0,-0.48,0.62,1.89,3.46,0.52,1.94,0.3,-1.0,0.15,0.1,0.04
alg_gen_arithmetic_0009,constant_1.25,constant,"{""g_function"": ""constant"", ""g_params"": {""value"": 1.25}, ""name"": ""constant_1.25""}","[1.25, 1.25, 1.25, 1.25, 1.25, 1.25]",1, 56,3,-1.34,-0.45,0.64,2,0.36,2,0.36,1.69,0.04,0.21,Qwen/Qwen3.5-2B-Base,uniform_check_lite,algorithmic,short,gen_arithmetic,36 + 20 =, 56,5,"{""a"": 36, ""b"": 20, ""operation"": ""+""}",constant,0.34,2.0,-0.48,0.62,1.89,3.46,0.52,1.94,0.02,0.0,0.04,0.02,-0.2
alg_gen_arithmetic_0009,constant_1.5,constant,"{""g_function"": ""constant"", ""g_params"": {""value"": 1.5}, ""name"": ""constant_1.5""}","[1.5, 1.5, 1.5, 1.5, 1.5, 1.5]",1, 56,3,-3.45,-1.15,0.32,1,0.51,1,0.51,1.57,0.25,0.55,Qwen/Qwen3.5-2B-Base,uniform_check_lite,algorithmic,short,gen_arithmetic,36 + 20 =, 56,5,"{""a"": 36, ""b"": 20, ""operation"": ""+""}",constant,0.34,2.0,-0.48,0.62,1.89,3.46,0.52,1.94,0.18,-1.0,-0.67,-0.3,-0.32
alg_gen_counting_0010,baseline,constant,"{""g_function"": ""constant"", ""g_params"": {""value"": 1.0}, ""name"": ""baseline""}","[1.0, 1.0, 1.0, 1.0, 1.0, 1.0]",1, 3,2,-7.44,-3.72,0.02,13,0.0,13,0.0,3.18,,1.97,Qwen/Qwen3.5-2B-Base,uniform_check_lite,algorithmic,short,gen_counting,"How many times does ""to"" appear in: ""to to old fast old warm to lazy hard""? Answer:", 3,22,"{""count"": 3, ""word"": ""to""}",baseline,0.0,13.0,-3.72,0.02,3.18,5.98,0.08,2.93,0.0,0.0,0.0,0.0,0.0
alg_gen_counting_0010,constant_0.5,constant,"{""g_function"": ""constant"", ""g_params"": {""value"": 0.5}, ""name"": ""constant_0.5""}","[0.5, 0.5, 0.5, 0.5, 0.5, 0.5]",1, 3,2,-17.59,-8.8,0.0,83,0.0,83,0.0,4.21,7.91,25.94,Qwen/Qwen3.5-2B-Base,uniform_check_lite,algorithmic,short,gen_counting,"How many times does ""to"" appear in: ""to to old fast old warm to lazy hard""? Answer:", 3,22,"{""count"": 3, ""word"": ""to""}",constant,0.0,13.0,-3.72,0.02,3.18,5.98,0.08,2.93,-0.0,70.0,-5.08,-0.02,1.03
alg_gen_counting_0010,constant_0.75,constant,"{""g_function"": ""constant"", ""g_params"": {""value"": 0.75}, ""name"": ""constant_0.75""}","[0.75, 0.75, 0.75, 0.75, 0.75, 0.75]",1, 3,2,-8.17,-4.08,0.02,18,0.01,18,0.01,4.01,0.51,8.81,Qwen/Qwen3.5-2B-Base,uniform_check_lite,algorithmic,short,gen_counting,"How many times does ""to"" appear in: ""to to old fast old warm to lazy hard""? Answer:", 3,22,"{""count"": 3, ""word"": ""to""}",constant,0.0,13.0,-3.72,0.02,3.18,5.98,0.08,2.93,0.0,5.0,-0.36,-0.01,0.83
alg_gen_counting_0010,constant_1.25,constant,"{""g_function"": ""constant"", ""g_params"": {""value"": 1.25}, ""name"": ""constant_1.25""}","[1.25, 1.25, 1.25, 1.25, 1.25, 1.25]",1, 3,2,-6.75,-3.38,0.03,10,0.0,10,0.0,3.06,0.12,9.83,Qwen/Qwen3.5-2B-Base,uniform_check_lite,algorithmic,short,gen_counting,"How many times does ""to"" appear in: ""to to old fast old warm to lazy hard""? Answer:", 3,22,"{""count"": 3, ""word"": ""to""}",constant,0.0,13.0,-3.72,0.02,3.18,5.98,0.08,2.93,0.0,-3.0,0.34,0.01,-0.12
alg_gen_counting_0010,constant_1.5,constant,"{""g_function"": ""constant"", ""g_params"": {""value"": 1.5}, ""name"": ""constant_1.5""}","[1.5, 1.5, 1.5, 1.5, 1.5, 1.5]",1, 3,2,-6.59,-3.29,0.04,12,0.01,12,0.01,3.81,0.6,12.81,Qwen/Qwen3.5-2B-Base,uniform_check_lite,algorithmic,short,gen_counting,"How many times does ""to"" appear in: ""to to old fast old warm to lazy hard""? Answer:", 3,22,"{""count"": 3, ""word"": ""to""}",constant,0.0,13.0,-3.72,0.02,3.18,5.98,0.08,2.93,0.01,-1.0,0.43,0.01,0.63
alg_gen_counting_0014,baseline,constant,"{""g_function"": ""constant"", ""g_params"": {""value"": 1.0}, ""name"": ""baseline""}","[1.0, 1.0, 1.0, 1.0, 1.0, 1.0]",1, 1,2,-7.85,-3.93,0.02,13,0.0,13,0.0,3.21,,18.65,Qwen/Qwen3.5-2B-Base,uniform_check_lite,algorithmic,short,gen_counting,"How many times does ""to"" appear in: ""to hard old new lazy small quick slow warm slow soft""? Answer:", 1,24,"{""count"": 1, ""word"": ""to""}",baseline,0.0,13.0,-3.93,0.02,3.21,6.54,0.5,2.94,0.0,0.0,0.0,0.0,0.0
alg_gen_counting_0014,constant_0.5,constant,"{""g_function"": ""constant"", ""g_params"": {""value"": 0.5}, ""name"": ""constant_0.5""}","[0.5, 0.5, 0.5, 0.5, 0.5, 0.5]",1, 1,2,-6.59,-3.29,0.04,2,0.11,2,0.11,6.62,5.81,18.53,Qwen/Qwen3.5-2B-Base,uniform_check_lite,algorithmic,short,gen_counting,"How many times does ""to"" appear in: ""to hard old new lazy small quick slow warm slow soft""? Answer:", 1,24,"{""count"": 1, ""word"": ""to""}",constant,0.0,13.0,-3.93,0.02,3.21,6.54,0.5,2.94,0.1,-11.0,0.63,0.02,3.41
alg_gen_counting_0014,constant_0.75,constant,"{""g_function"": ""constant"", ""g_params"": {""value"": 0.75}, ""name"": ""constant_0.75""}","[0.75, 0.75, 0.75, 0.75, 0.75, 0.75]",1, 1,2,-7.01,-3.5,0.03,19,0.0,19,0.0,3.99,0.61,25.72,Qwen/Qwen3.5-2B-Base,uniform_check_lite,algorithmic,short,gen_counting,"How many times does ""to"" appear in: ""to hard old new lazy small quick slow warm slow soft""? Answer:", 1,24,"{""count"": 1, ""word"": ""to""}",constant,0.0,13.0,-3.93,0.02,3.21,6.54,0.5,2.94,0.0,6.0,0.42,0.01,0.78
alg_gen_counting_0014,constant_1.25,constant,"{""g_function"": ""constant"", ""g_params"": {""value"": 1.25}, ""name"": ""constant_1.25""}","[1.25, 1.25, 1.25, 1.25, 1.25, 1.25]",1, 1,2,-6.69,-3.35,0.04,9,0.01,9,0.01,3.25,0.11,11.62,Qwen/Qwen3.5-2B-Base,uniform_check_lite,algorithmic,short,gen_counting,"How many times does ""to"" appear in: ""to hard old new lazy small quick slow warm slow soft""? Answer:", 1,24,"{""count"": 1, ""word"": ""to""}",constant,0.0,13.0,-3.93,0.02,3.21,6.54,0.5,2.94,0.0,-4.0,0.58,0.02,0.04
alg_gen_counting_0014,constant_1.5,constant,"{""g_function"": ""constant"", ""g_params"": {""value"": 1.5}, ""name"": ""constant_1.5""}","[1.5, 1.5, 1.5, 1.5, 1.5, 1.5]",1, 1,2,-5.7,-2.85,0.06,10,0.01,10,0.01,3.85,0.69,28.92,Qwen/Qwen3.5-2B-Base,uniform_check_lite,algorithmic,short,gen_counting,"How many times does ""to"" appear in: ""to hard old new lazy small quick slow warm slow soft""? Answer:", 1,24,"{""count"": 1, ""word"": ""to""}",constant,0.0,13.0,-3.93,0.02,3.21,6.54,0.5,2.94,0.01,-3.0,1.07,0.04,0.64
alg_gen_counting_0016,baseline,constant,"{""g_function"": ""constant"", ""g_params"": {""value"": 1.0}, ""name"": ""baseline""}","[1.0, 1.0, 1.0, 1.0, 1.0, 1.0]",1, 4,2,-7.58,-3.79,0.02,13,0.0,13,0.0,2.9,,27.69,Qwen/Qwen3.5-2B-Base,uniform_check_lite,algorithmic,short,gen_counting,"How many times does ""dog"" appear in: ""small hard dog dog big fast small dog dog red cold red hard""? Answer:", 4,27,"{""count"": 4, ""word"": ""dog""}",baseline,0.0,13.0,-3.79,0.02,2.9,4.77,0.06,2.96,0.0,0.0,0.0,0.0,0.0
alg_gen_counting_0016,constant_0.5,constant,"{""g_function"": ""constant"", ""g_params"": {""value"": 0.5}, ""name"": ""constant_0.5""}","[0.5, 0.5, 0.5, 0.5, 0.5, 0.5]",1, 4,2,-14.75,-7.38,0.0,5,0.02,5,0.02,10.14,8.52,25.67,Qwen/Qwen3.5-2B-Base,uniform_check_lite,algorithmic,short,gen_counting,"How many times does ""dog"" appear in: ""small hard dog dog big fast small dog dog red cold red hard""? Answer:", 4,27,"{""count"": 4, ""word"": ""dog""}",constant,0.0,13.0,-3.79,0.02,2.9,4.77,0.06,2.96,0.02,-8.0,-3.59,-0.02,7.24
alg_gen_counting_0016,constant_0.75,constant,"{""g_function"": ""constant"", ""g_params"": {""value"": 0.75}, ""name"": ""constant_0.75""}","[0.75, 0.75, 0.75, 0.75, 0.75, 0.75]",1, 4,2,-9.07,-4.53,0.01,18,0.0,18,0.0,3.16,0.49,10.94,Qwen/Qwen3.5-2B-Base,uniform_check_lite,algorithmic,short,gen_counting,"How many times does ""dog"" appear in: ""small hard dog dog big fast small dog dog red cold red hard""? Answer:", 4,27,"{""count"": 4, ""word"": ""dog""}",constant,0.0,13.0,-3.79,0.02,2.9,4.77,0.06,2.96,0.0,5.0,-0.74,-0.01,0.27
alg_gen_counting_0016,constant_1.25,constant,"{""g_function"": ""constant"", ""g_params"": {""value"": 1.25}, ""name"": ""constant_1.25""}","[1.25, 1.25, 1.25, 1.25, 1.25, 1.25]",1, 4,2,-5.09,-2.55,0.08,9,0.03,9,0.03,3.37,0.29,21.6,Qwen/Qwen3.5-2B-Base,uniform_check_lite,algorithmic,short,gen_counting,"How many times does ""dog"" appear in: ""small hard dog dog big fast small dog dog red cold red hard""? Answer:", 4,27,"{""count"": 4, ""word"": ""dog""}",constant,0.0,13.0,-3.79,0.02,2.9,4.77,0.06,2.96,0.02,-4.0,1.24,0.06,0.47
alg_gen_counting_0016,constant_1.5,constant,"{""g_function"": ""constant"", ""g_params"": {""value"": 1.5}, ""name"": ""constant_1.5""}","[1.5, 1.5, 1.5, 1.5, 1.5, 1.5]",1, 4,2,-5.14,-2.57,0.08,5,0.04,5,0.04,4.07,1.4,20.07,Qwen/Qwen3.5-2B-Base,uniform_check_lite,algorithmic,short,gen_counting,"How many times does ""dog"" appear in: ""small hard dog dog big fast small dog dog red cold red hard""? Answer:", 4,27,"{""count"": 4, ""word"": ""dog""}",constant,0.0,13.0,-3.79,0.02,2.9,4.77,0.06,2.96,0.04,-8.0,1.22,0.05,1.18
alg_gen_counting_0018,baseline,constant,"{""g_function"": ""constant"", ""g_params"": {""value"": 1.0}, ""name"": ""baseline""}","[1.0, 1.0, 1.0, 1.0, 1.0, 1.0]",1, 3,2,-7.84,-3.92,0.02,12,0.0,12,0.0,2.95,,18.56,Qwen/Qwen3.5-2B-Base,uniform_check_lite,algorithmic,short,gen_counting,"How many times does ""is"" appear in: ""bright is big soft is slow is soft lazy""? Answer:", 3,22,"{""count"": 3, ""word"": ""is""}",baseline,0.0,12.0,-3.92,0.02,2.95,5.12,0.12,2.95,0.0,0.0,0.0,0.0,0.0
alg_gen_counting_0018,constant_0.5,constant,"{""g_function"": ""constant"", ""g_params"": {""value"": 0.5}, ""name"": ""constant_0.5""}","[0.5, 0.5, 0.5, 0.5, 0.5, 0.5]",1, 3,2,-13.58,-6.79,0.0,4,0.07,4,0.07,3.4,7.49,23.79,Qwen/Qwen3.5-2B-Base,uniform_check_lite,algorithmic,short,gen_counting,"How many times does ""is"" appear in: ""bright is big soft is slow is soft lazy""? Answer:", 3,22,"{""count"": 3, ""word"": ""is""}",constant,0.0,12.0,-3.92,0.02,2.95,5.12,0.12,2.95,0.07,-8.0,-2.87,-0.02,0.45
alg_gen_counting_0018,constant_0.75,constant,"{""g_function"": ""constant"", ""g_params"": {""value"": 0.75}, ""name"": ""constant_0.75""}","[0.75, 0.75, 0.75, 0.75, 0.75, 0.75]",1, 3,2,-6.79,-3.4,0.03,10,0.01,10,0.01,3.57,0.4,4.97,Qwen/Qwen3.5-2B-Base,uniform_check_lite,algorithmic,short,gen_counting,"How many times does ""is"" appear in: ""bright is big soft is slow is soft lazy""? Answer:", 3,22,"{""count"": 3, ""word"": ""is""}",constant,0.0,12.0,-3.92,0.02,2.95,5.12,0.12,2.95,0.01,-2.0,0.52,0.01,0.61
alg_gen_counting_0018,constant_1.25,constant,"{""g_function"": ""constant"", ""g_params"": {""value"": 1.25}, ""name"": ""constant_1.25""}","[1.25, 1.25, 1.25, 1.25, 1.25, 1.25]",1, 3,2,-6.78,-3.39,0.03,11,0.0,11,0.0,2.94,0.12,17.37,Qwen/Qwen3.5-2B-Base,uniform_check_lite,algorithmic,short,gen_counting,"How many times does ""is"" appear in: ""bright is big soft is slow is soft lazy""? Answer:", 3,22,"{""count"": 3, ""word"": ""is""}",constant,0.0,12.0,-3.92,0.02,2.95,5.12,0.12,2.95,0.0,-1.0,0.53,0.01,-0.01
alg_gen_counting_0018,constant_1.5,constant,"{""g_function"": ""constant"", ""g_params"": {""value"": 1.5}, ""name"": ""constant_1.5""}","[1.5, 1.5, 1.5, 1.5, 1.5, 1.5]",1, 3,2,-6.12,-3.06,0.05,13,0.01,13,0.01,3.86,0.67,12.6,Qwen/Qwen3.5-2B-Base,uniform_check_lite,algorithmic,short,gen_counting,"How many times does ""is"" appear in: ""bright is big soft is slow is soft lazy""? Answer:", 3,22,"{""count"": 3, ""word"": ""is""}",constant,0.0,12.0,-3.92,0.02,2.95,5.12,0.12,2.95,0.01,1.0,0.86,0.03,0.91
alg_gen_first_letters_0022,baseline,constant,"{""g_function"": ""constant"", ""g_params"": {""value"": 1.0}, ""name"": ""baseline""}","[1.0, 1.0, 1.0, 1.0, 1.0, 1.0]",1, BFM,2,-2.44,-1.22,0.29,1,0.14,1,0.14,7.5,,0.73,Qwen/Qwen3.5-2B-Base,uniform_check_lite,algorithmic,short,gen_first_letters,"First letters of Banana, Fig, Mango:", BFM,7,"{""task"": ""first_letters""}",baseline,0.14,1.0,-1.22,0.29,7.5,6.49,0.45,2.37,0.0,0.0,0.0,0.0,0.0
alg_gen_first_letters_0022,constant_0.5,constant,"{""g_function"": ""constant"", ""g_params"": {""value"": 0.5}, ""name"": ""constant_0.5""}","[0.5, 0.5, 0.5, 0.5, 0.5, 0.5]",1, BFM,2,-22.91,-11.46,0.0,73,0.0,73,0.0,9.65,2.88,35.6,Qwen/Qwen3.5-2B-Base,uniform_check_lite,algorithmic,short,gen_first_letters,"First letters of Banana, Fig, Mango:", BFM,7,"{""task"": ""first_letters""}",constant,0.14,1.0,-1.22,0.29,7.5,6.49,0.45,2.37,-0.13,72.0,-10.23,-0.29,2.14
alg_gen_first_letters_0022,constant_0.75,constant,"{""g_function"": ""constant"", ""g_params"": {""value"": 0.75}, ""name"": ""constant_0.75""}","[0.75, 0.75, 0.75, 0.75, 0.75, 0.75]",1, BFM,2,-6.49,-3.24,0.04,25,0.0,25,0.0,6.84,1.03,0.79,Qwen/Qwen3.5-2B-Base,uniform_check_lite,algorithmic,short,gen_first_letters,"First letters of Banana, Fig, Mango:", BFM,7,"{""task"": ""first_letters""}",constant,0.14,1.0,-1.22,0.29,7.5,6.49,0.45,2.37,-0.13,24.0,-2.02,-0.26,-0.66
alg_gen_first_letters_0022,constant_1.25,constant,"{""g_function"": ""constant"", ""g_params"": {""value"": 1.25}, ""name"": ""constant_1.25""}","[1.25, 1.25, 1.25, 1.25, 1.25, 1.25]",1, BFM,2,-3.76,-1.88,0.15,3,0.1,3,0.1,7.34,0.14,0.65,Qwen/Qwen3.5-2B-Base,uniform_check_lite,algorithmic,short,gen_first_letters,"First letters of Banana, Fig, Mango:", BFM,7,"{""task"": ""first_letters""}",constant,0.14,1.0,-1.22,0.29,7.5,6.49,0.45,2.37,-0.04,2.0,-0.66,-0.14,-0.16
alg_gen_first_letters_0022,constant_1.5,constant,"{""g_function"": ""constant"", ""g_params"": {""value"": 1.5}, ""name"": ""constant_1.5""}","[1.5, 1.5, 1.5, 1.5, 1.5, 1.5]",1, BFM,2,-8.45,-4.22,0.01,8,0.01,8,0.01,7.38,0.79,0.79,Qwen/Qwen3.5-2B-Base,uniform_check_lite,algorithmic,short,gen_first_letters,"First letters of Banana, Fig, Mango:", BFM,7,"{""task"": ""first_letters""}",constant,0.14,1.0,-1.22,0.29,7.5,6.49,0.45,2.37,-0.13,7.0,-3.0,-0.28,-0.13
alg_gen_first_letters_0023,baseline,constant,"{""g_function"": ""constant"", ""g_params"": {""value"": 1.0}, ""name"": ""baseline""}","[1.0, 1.0, 1.0, 1.0, 1.0, 1.0]",1, ADJB,2,-8.83,-4.41,0.01,78,0.0,78,0.0,6.25,,1.12,Qwen/Qwen3.5-2B-Base,uniform_check_lite,algorithmic,short,gen_first_letters,"First letters of Apple, Date, Jackfruit, Banana:", ADJB,9,"{""task"": ""first_letters""}",baseline,0.0,78.0,-4.41,0.01,6.25,5.91,0.05,2.62,0.0,0.0,0.0,0.0,0.0
alg_gen_first_letters_0023,constant_0.5,constant,"{""g_function"": ""constant"", ""g_params"": {""value"": 0.5}, ""name"": ""constant_0.5""}","[0.5, 0.5, 0.5, 0.5, 0.5, 0.5]",1, ADJB,2,-25.67,-12.83,0.0,21636,0.0,21636,0.0,9.43,4.96,21.59,Qwen/Qwen3.5-2B-Base,uniform_check_lite,algorithmic,short,gen_first_letters,"First letters of Apple, Date, Jackfruit, Banana:", ADJB,9,"{""task"": ""first_letters""}",constant,0.0,78.0,-4.41,0.01,6.25,5.91,0.05,2.62,-0.0,21558.0,-8.42,-0.01,3.17
alg_gen_first_letters_0023,constant_0.75,constant,"{""g_function"": ""constant"", ""g_params"": {""value"": 0.75}, ""name"": ""constant_0.75""}","[0.75, 0.75, 0.75, 0.75, 0.75, 0.75]",1, ADJB,2,-11.28,-5.64,0.0,975,0.0,975,0.0,4.76,0.9,19.66,Qwen/Qwen3.5-2B-Base,uniform_check_lite,algorithmic,short,gen_first_letters,"First letters of Apple, Date, Jackfruit, Banana:", ADJB,9,"{""task"": ""first_letters""}",constant,0.0,78.0,-4.41,0.01,6.25,5.91,0.05,2.62,-0.0,897.0,-1.22,-0.01,-1.49
alg_gen_first_letters_0023,constant_1.25,constant,"{""g_function"": ""constant"", ""g_params"": {""value"": 1.25}, ""name"": ""constant_1.25""}","[1.25, 1.25, 1.25, 1.25, 1.25, 1.25]",1, ADJB,2,-8.98,-4.49,0.01,164,0.0,164,0.0,6.8,0.18,18.08,Qwen/Qwen3.5-2B-Base,uniform_check_lite,algorithmic,short,gen_first_letters,"First letters of Apple, Date, Jackfruit, Banana:", ADJB,9,"{""task"": ""first_letters""}",constant,0.0,78.0,-4.41,0.01,6.25,5.91,0.05,2.62,-0.0,86.0,-0.07,-0.0,0.55
alg_gen_first_letters_0023,constant_1.5,constant,"{""g_function"": ""constant"", ""g_params"": {""value"": 1.5}, ""name"": ""constant_1.5""}","[1.5, 1.5, 1.5, 1.5, 1.5, 1.5]",1, ADJB,2,-15.2,-7.6,0.0,446,0.0,446,0.0,6.67,0.42,22.66,Qwen/Qwen3.5-2B-Base,uniform_check_lite,algorithmic,short,gen_first_letters,"First letters of Apple, Date, Jackfruit, Banana:", ADJB,9,"{""task"": ""first_letters""}",constant,0.0,78.0,-4.41,0.01,6.25,5.91,0.05,2.62,-0.0,368.0,-3.19,-0.01,0.42
alg_gen_first_letters_0029,baseline,constant,"{""g_function"": ""constant"", ""g_params"": {""value"": 1.0}, ""name"": ""baseline""}","[1.0, 1.0, 1.0, 1.0, 1.0, 1.0]",1, DIMLOE,3,-15.21,-5.07,0.01,1104,0.0,1104,0.0,5.34,,2.6,Qwen/Qwen3.5-2B-Base,uniform_check_lite,algorithmic,short,gen_first_letters,"First letters of Date, Ice, Mango, Lemon, Orange, Elderberry:", DIMLOE,11,"{""task"": ""first_letters""}",baseline,0.0,1104.0,-5.07,0.01,5.34,5.92,0.0,2.89,0.0,0.0,0.0,0.0,0.0
alg_gen_first_letters_0029,constant_0.5,constant,"{""g_function"": ""constant"", ""g_params"": {""value"": 0.5}, ""name"": ""constant_0.5""}","[0.5, 0.5, 0.5, 0.5, 0.5, 0.5]",1, DIMLOE,3,-26.79,-8.93,0.0,27670,0.0,27670,0.0,10.42,3.6,15.81,Qwen/Qwen3.5-2B-Base,uniform_check_lite,algorithmic,short,gen_first_letters,"First letters of Date, Ice, Mango, Lemon, Orange, Elderberry:", DIMLOE,11,"{""task"": ""first_letters""}",constant,0.0,1104.0,-5.07,0.01,5.34,5.92,0.0,2.89,-0.0,26566.0,-3.86,-0.01,5.07
alg_gen_first_letters_0029,constant_0.75,constant,"{""g_function"": ""constant"", ""g_params"": {""value"": 0.75}, ""name"": ""constant_0.75""}","[0.75, 0.75, 0.75, 0.75, 0.75, 0.75]",1, DIMLOE,3,-22.76,-7.59,0.0,19006,0.0,19006,0.0,7.06,0.93,21.02,Qwen/Qwen3.5-2B-Base,uniform_check_lite,algorithmic,short,gen_first_letters,"First letters of Date, Ice, Mango, Lemon, Orange, Elderberry:", DIMLOE,11,"{""task"": ""first_letters""}",constant,0.0,1104.0,-5.07,0.01,5.34,5.92,0.0,2.89,-0.0,17902.0,-2.52,-0.01,1.71
alg_gen_first_letters_0029,constant_1.25,constant,"{""g_function"": ""constant"", ""g_params"": {""value"": 1.25}, ""name"": ""constant_1.25""}","[1.25, 1.25, 1.25, 1.25, 1.25, 1.25]",1, DIMLOE,3,-22.61,-7.54,0.0,1995,0.0,1995,0.0,5.62,0.13,21.72,Qwen/Qwen3.5-2B-Base,uniform_check_lite,algorithmic,short,gen_first_letters,"First letters of Date, Ice, Mango, Lemon, Orange, Elderberry:", DIMLOE,11,"{""task"": ""first_letters""}",constant,0.0,1104.0,-5.07,0.01,5.34,5.92,0.0,2.89,-0.0,891.0,-2.47,-0.01,0.28
alg_gen_first_letters_0029,constant_1.5,constant,"{""g_function"": ""constant"", ""g_params"": {""value"": 1.5}, ""name"": ""constant_1.5""}","[1.5, 1.5, 1.5, 1.5, 1.5, 1.5]",1, DIMLOE,3,-26.23,-8.74,0.0,6154,0.0,6154,0.0,5.55,0.33,24.89,Qwen/Qwen3.5-2B-Base,uniform_check_lite,algorithmic,short,gen_first_letters,"First letters of Date, Ice, Mango, Lemon, Orange, Elderberry:", DIMLOE,11,"{""task"": ""first_letters""}",constant,0.0,1104.0,-5.07,0.01,5.34,5.92,0.0,2.89,-0.0,5050.0,-3.67,-0.01,0.2
alg_gen_last_letter_0020,baseline,constant,"{""g_function"": ""constant"", ""g_params"": {""value"": 1.0}, ""name"": ""baseline""}","[1.0, 1.0, 1.0, 1.0, 1.0, 1.0]",1, t,1,-6.2,-6.2,0.0,52,0.0,52,0.0,5.92,,18.72,Qwen/Qwen3.5-2B-Base,uniform_check_lite,algorithmic,short,gen_last_letter,"The last letter of ""elephant"" is", t,7,"{""task"": ""last_letter""}",baseline,0.0,52.0,-6.2,0.0,5.92,5.96,0.89,2.33,0.0,0.0,0.0,0.0,0.0
alg_gen_last_letter_0020,constant_0.5,constant,"{""g_function"": ""constant"", ""g_params"": {""value"": 0.5}, ""name"": ""constant_0.5""}","[0.5, 0.5, 0.5, 0.5, 0.5, 0.5]",1, t,1,-8.52,-8.52,0.0,485,0.0,485,0.0,9.62,4.09,27.22,Qwen/Qwen3.5-2B-Base,uniform_check_lite,algorithmic,short,gen_last_letter,"The last letter of ""elephant"" is", t,7,"{""task"": ""last_letter""}",constant,0.0,52.0,-6.2,0.0,5.92,5.96,0.89,2.33,-0.0,433.0,-2.32,-0.0,3.7
alg_gen_last_letter_0020,constant_0.75,constant,"{""g_function"": ""constant"", ""g_params"": {""value"": 0.75}, ""name"": ""constant_0.75""}","[0.75, 0.75, 0.75, 0.75, 0.75, 0.75]",1, t,1,-7.28,-7.28,0.0,88,0.0,88,0.0,6.04,0.47,0.94,Qwen/Qwen3.5-2B-Base,uniform_check_lite,algorithmic,short,gen_last_letter,"The last letter of ""elephant"" is", t,7,"{""task"": ""last_letter""}",constant,0.0,52.0,-6.2,0.0,5.92,5.96,0.89,2.33,-0.0,36.0,-1.08,-0.0,0.13
alg_gen_last_letter_0020,constant_1.25,constant,"{""g_function"": ""constant"", ""g_params"": {""value"": 1.25}, ""name"": ""constant_1.25""}","[1.25, 1.25, 1.25, 1.25, 1.25, 1.25]",1, t,1,-7.19,-7.19,0.0,96,0.0,96,0.0,5.68,0.3,0.79,Qwen/Qwen3.5-2B-Base,uniform_check_lite,algorithmic,short,gen_last_letter,"The last letter of ""elephant"" is", t,7,"{""task"": ""last_letter""}",constant,0.0,52.0,-6.2,0.0,5.92,5.96,0.89,2.33,-0.0,44.0,-0.99,-0.0,-0.23
alg_gen_last_letter_0020,constant_1.5,constant,"{""g_function"": ""constant"", ""g_params"": {""value"": 1.5}, ""name"": ""constant_1.5""}","[1.5, 1.5, 1.5, 1.5, 1.5, 1.5]",1, t,1,-8.91,-8.91,0.0,319,0.0,319,0.0,6.35,0.98,1.94,Qwen/Qwen3.5-2B-Base,uniform_check_lite,algorithmic,short,gen_last_letter,"The last letter of ""elephant"" is", t,7,"{""task"": ""last_letter""}",constant,0.0,52.0,-6.2,0.0,5.92,5.96,0.89,2.33,-0.0,267.0,-2.71,-0.0,0.43
alg_gen_last_letter_0021,baseline,constant,"{""g_function"": ""constant"", ""g_params"": {""value"": 1.0}, ""name"": ""baseline""}","[1.0, 1.0, 1.0, 1.0, 1.0, 1.0]",1, n,1,-3.56,-3.56,0.03,8,0.03,8,0.03,6.21,,0.99,Qwen/Qwen3.5-2B-Base,uniform_check_lite,algorithmic,short,gen_last_letter,"The last letter of ""mountain"" is", n,7,"{""task"": ""last_letter""}",baseline,0.03,8.0,-3.56,0.03,6.21,6.26,0.48,2.32,0.0,0.0,0.0,0.0,0.0
alg_gen_last_letter_0021,constant_0.5,constant,"{""g_function"": ""constant"", ""g_params"": {""value"": 0.5}, ""name"": ""constant_0.5""}","[0.5, 0.5, 0.5, 0.5, 0.5, 0.5]",1, n,1,-9.38,-9.38,0.0,591,0.0,591,0.0,6.89,4.07,20.76,Qwen/Qwen3.5-2B-Base,uniform_check_lite,algorithmic,short,gen_last_letter,"The last letter of ""mountain"" is", n,7,"{""task"": ""last_letter""}",constant,0.03,8.0,-3.56,0.03,6.21,6.26,0.48,2.32,-0.03,583.0,-5.83,-0.03,0.68
alg_gen_last_letter_0021,constant_0.75,constant,"{""g_function"": ""constant"", ""g_params"": {""value"": 0.75}, ""name"": ""constant_0.75""}","[0.75, 0.75, 0.75, 0.75, 0.75, 0.75]",1, n,1,-4.46,-4.46,0.01,20,0.01,20,0.01,6.43,0.45,13.7,Qwen/Qwen3.5-2B-Base,uniform_check_lite,algorithmic,short,gen_last_letter,"The last letter of ""mountain"" is", n,7,"{""task"": ""last_letter""}",constant,0.03,8.0,-3.56,0.03,6.21,6.26,0.48,2.32,-0.02,12.0,-0.9,-0.02,0.22
alg_gen_last_letter_0021,constant_1.25,constant,"{""g_function"": ""constant"", ""g_params"": {""value"": 1.25}, ""name"": ""constant_1.25""}","[1.25, 1.25, 1.25, 1.25, 1.25, 1.25]",1, n,1,-5.43,-5.43,0.0,24,0.0,24,0.0,5.82,0.34,1.14,Qwen/Qwen3.5-2B-Base,uniform_check_lite,algorithmic,short,gen_last_letter,"The last letter of ""mountain"" is", n,7,"{""task"": ""last_letter""}",constant,0.03,8.0,-3.56,0.03,6.21,6.26,0.48,2.32,-0.02,16.0,-1.88,-0.02,-0.39
alg_gen_last_letter_0021,constant_1.5,constant,"{""g_function"": ""constant"", ""g_params"": {""value"": 1.5}, ""name"": ""constant_1.5""}","[1.5, 1.5, 1.5, 1.5, 1.5, 1.5]",1, n,1,-8.14,-8.14,0.0,177,0.0,177,0.0,6.41,1.07,0.92,Qwen/Qwen3.5-2B-Base,uniform_check_lite,algorithmic,short,gen_last_letter,"The last letter of ""mountain"" is", n,7,"{""task"": ""last_letter""}",constant,0.03,8.0,-3.56,0.03,6.21,6.26,0.48,2.32,-0.03,169.0,-4.59,-0.03,0.2
alg_gen_last_letter_0027,baseline,constant,"{""g_function"": ""constant"", ""g_params"": {""value"": 1.0}, ""name"": ""baseline""}","[1.0, 1.0, 1.0, 1.0, 1.0, 1.0]",1, r,1,-5.28,-5.28,0.01,28,0.01,28,0.01,6.11,,0.27,Qwen/Qwen3.5-2B-Base,uniform_check_lite,algorithmic,short,gen_last_letter,"The last letter of ""thunder"" is", r,7,"{""task"": ""last_letter""}",baseline,0.01,28.0,-5.28,0.01,6.11,6.76,0.44,2.35,0.0,0.0,0.0,0.0,0.0
alg_gen_last_letter_0027,constant_0.5,constant,"{""g_function"": ""constant"", ""g_params"": {""value"": 0.5}, ""name"": ""constant_0.5""}","[0.5, 0.5, 0.5, 0.5, 0.5, 0.5]",1, r,1,-10.05,-10.05,0.0,635,0.0,635,0.0,5.59,4.89,33.33,Qwen/Qwen3.5-2B-Base,uniform_check_lite,algorithmic,short,gen_last_letter,"The last letter of ""thunder"" is", r,7,"{""task"": ""last_letter""}",constant,0.01,28.0,-5.28,0.01,6.11,6.76,0.44,2.35,-0.01,607.0,-4.76,-0.01,-0.51
alg_gen_last_letter_0027,constant_0.75,constant,"{""g_function"": ""constant"", ""g_params"": {""value"": 0.75}, ""name"": ""constant_0.75""}","[0.75, 0.75, 0.75, 0.75, 0.75, 0.75]",1, r,1,-6.39,-6.39,0.0,67,0.0,67,0.0,6.78,0.27,0.47,Qwen/Qwen3.5-2B-Base,uniform_check_lite,algorithmic,short,gen_last_letter,"The last letter of ""thunder"" is", r,7,"{""task"": ""last_letter""}",constant,0.01,28.0,-5.28,0.01,6.11,6.76,0.44,2.35,-0.0,39.0,-1.11,-0.0,0.67
alg_gen_last_letter_0027,constant_1.25,constant,"{""g_function"": ""constant"", ""g_params"": {""value"": 1.25}, ""name"": ""constant_1.25""}","[1.25, 1.25, 1.25, 1.25, 1.25, 1.25]",1, r,1,-5.08,-5.08,0.01,20,0.01,20,0.01,5.83,0.26,0.36,Qwen/Qwen3.5-2B-Base,uniform_check_lite,algorithmic,short,gen_last_letter,"The last letter of ""thunder"" is", r,7,"{""task"": ""last_letter""}",constant,0.01,28.0,-5.28,0.01,6.11,6.76,0.44,2.35,0.0,-8.0,0.21,0.0,-0.28
alg_gen_last_letter_0027,constant_1.5,constant,"{""g_function"": ""constant"", ""g_params"": {""value"": 1.5}, ""name"": ""constant_1.5""}","[1.5, 1.5, 1.5, 1.5, 1.5, 1.5]",1, r,1,-6.62,-6.62,0.0,62,0.0,62,0.0,6.44,0.91,0.3,Qwen/Qwen3.5-2B-Base,uniform_check_lite,algorithmic,short,gen_last_letter,"The last letter of ""thunder"" is", r,7,"{""task"": ""last_letter""}",constant,0.01,28.0,-5.28,0.01,6.11,6.76,0.44,2.35,-0.0,34.0,-1.33,-0.0,0.33
alg_gen_last_letter_0028,baseline,constant,"{""g_function"": ""constant"", ""g_params"": {""value"": 1.0}, ""name"": ""baseline""}","[1.0, 1.0, 1.0, 1.0, 1.0, 1.0]",1, n,1,-3.97,-3.97,0.02,12,0.02,12,0.02,5.87,,1.0,Qwen/Qwen3.5-2B-Base,uniform_check_lite,algorithmic,short,gen_last_letter,"The last letter of ""penguin"" is", n,7,"{""task"": ""last_letter""}",baseline,0.02,12.0,-3.97,0.02,5.87,6.47,0.62,2.29,0.0,0.0,0.0,0.0,0.0
alg_gen_last_letter_0028,constant_0.5,constant,"{""g_function"": ""constant"", ""g_params"": {""value"": 0.5}, ""name"": ""constant_0.5""}","[0.5, 0.5, 0.5, 0.5, 0.5, 0.5]",1, n,1,-11.47,-11.47,0.0,1541,0.0,1541,0.0,5.77,3.54,29.67,Qwen/Qwen3.5-2B-Base,uniform_check_lite,algorithmic,short,gen_last_letter,"The last letter of ""penguin"" is", n,7,"{""task"": ""last_letter""}",constant,0.02,12.0,-3.97,0.02,5.87,6.47,0.62,2.29,-0.02,1529.0,-7.51,-0.02,-0.1
alg_gen_last_letter_0028,constant_0.75,constant,"{""g_function"": ""constant"", ""g_params"": {""value"": 0.75}, ""name"": ""constant_0.75""}","[0.75, 0.75, 0.75, 0.75, 0.75, 0.75]",1, n,1,-5.08,-5.08,0.01,25,0.01,25,0.01,6.58,0.34,2.25,Qwen/Qwen3.5-2B-Base,uniform_check_lite,algorithmic,short,gen_last_letter,"The last letter of ""penguin"" is", n,7,"{""task"": ""last_letter""}",constant,0.02,12.0,-3.97,0.02,5.87,6.47,0.62,2.29,-0.01,13.0,-1.12,-0.01,0.71
alg_gen_last_letter_0028,constant_1.25,constant,"{""g_function"": ""constant"", ""g_params"": {""value"": 1.25}, ""name"": ""constant_1.25""}","[1.25, 1.25, 1.25, 1.25, 1.25, 1.25]",1, n,1,-5.17,-5.17,0.01,18,0.01,18,0.01,5.47,0.26,0.26,Qwen/Qwen3.5-2B-Base,uniform_check_lite,algorithmic,short,gen_last_letter,"The last letter of ""penguin"" is", n,7,"{""task"": ""last_letter""}",constant,0.02,12.0,-3.97,0.02,5.87,6.47,0.62,2.29,-0.01,6.0,-1.2,-0.01,-0.4
alg_gen_last_letter_0028,constant_1.5,constant,"{""g_function"": ""constant"", ""g_params"": {""value"": 1.5}, ""name"": ""constant_1.5""}","[1.5, 1.5, 1.5, 1.5, 1.5, 1.5]",1, n,1,-7.52,-7.52,0.0,116,0.0,116,0.0,6.28,0.87,0.34,Qwen/Qwen3.5-2B-Base,uniform_check_lite,algorithmic,short,gen_last_letter,"The last letter of ""penguin"" is", n,7,"{""task"": ""last_letter""}",constant,0.02,12.0,-3.97,0.02,5.87,6.47,0.62,2.29,-0.02,104.0,-3.56,-0.02,0.41
alg_gen_reverse_word_0024,baseline,constant,"{""g_function"": ""constant"", ""g_params"": {""value"": 1.0}, ""name"": ""baseline""}","[1.0, 1.0, 1.0, 1.0, 1.0, 1.0]",1, enots,2,-13.24,-6.62,0.0,454,0.0,454,0.0,6.75,,26.27,Qwen/Qwen3.5-2B-Base,uniform_check_lite,algorithmic,short,gen_reverse_word,"Reverse the word ""stone"": ", enots,5,"{""task"": ""reverse_word""}",baseline,0.0,454.0,-6.62,0.0,6.75,7.08,0.07,1.95,0.0,0.0,0.0,0.0,0.0
alg_gen_reverse_word_0024,constant_0.5,constant,"{""g_function"": ""constant"", ""g_params"": {""value"": 0.5}, ""name"": ""constant_0.5""}","[0.5, 0.5, 0.5, 0.5, 0.5, 0.5]",1, enots,2,-36.02,-18.01,0.0,3934,0.0,3934,0.0,0.18,9.77,0.23,Qwen/Qwen3.5-2B-Base,uniform_check_lite,algorithmic,short,gen_reverse_word,"Reverse the word ""stone"": ", enots,5,"{""task"": ""reverse_word""}",constant,0.0,454.0,-6.62,0.0,6.75,7.08,0.07,1.95,-0.0,3480.0,-11.39,-0.0,-6.57
alg_gen_reverse_word_0024,constant_0.75,constant,"{""g_function"": ""constant"", ""g_params"": {""value"": 0.75}, ""name"": ""constant_0.75""}","[0.75, 0.75, 0.75, 0.75, 0.75, 0.75]",1, enots,2,-14.0,-7.0,0.0,23,0.0,23,0.0,7.09,0.66,0.29,Qwen/Qwen3.5-2B-Base,uniform_check_lite,algorithmic,short,gen_reverse_word,"Reverse the word ""stone"": ", enots,5,"{""task"": ""reverse_word""}",constant,0.0,454.0,-6.62,0.0,6.75,7.08,0.07,1.95,0.0,-431.0,-0.38,-0.0,0.34
alg_gen_reverse_word_0024,constant_1.25,constant,"{""g_function"": ""constant"", ""g_params"": {""value"": 1.25}, ""name"": ""constant_1.25""}","[1.25, 1.25, 1.25, 1.25, 1.25, 1.25]",1, enots,2,-19.31,-9.66,0.0,3176,0.0,3176,0.0,6.62,0.27,0.29,Qwen/Qwen3.5-2B-Base,uniform_check_lite,algorithmic,short,gen_reverse_word,"Reverse the word ""stone"": ", enots,5,"{""task"": ""reverse_word""}",constant,0.0,454.0,-6.62,0.0,6.75,7.08,0.07,1.95,-0.0,2722.0,-3.03,-0.0,-0.13
alg_gen_reverse_word_0024,constant_1.5,constant,"{""g_function"": ""constant"", ""g_params"": {""value"": 1.5}, ""name"": ""constant_1.5""}","[1.5, 1.5, 1.5, 1.5, 1.5, 1.5]",1, enots,2,-23.74,-11.87,0.0,23972,0.0,23972,0.0,6.33,1.19,0.53,Qwen/Qwen3.5-2B-Base,uniform_check_lite,algorithmic,short,gen_reverse_word,"Reverse the word ""stone"": ", enots,5,"{""task"": ""reverse_word""}",constant,0.0,454.0,-6.62,0.0,6.75,7.08,0.07,1.95,-0.0,23518.0,-5.25,-0.0,-0.42
alg_gen_reverse_word_0025,baseline,constant,"{""g_function"": ""constant"", ""g_params"": {""value"": 1.0}, ""name"": ""baseline""}","[1.0, 1.0, 1.0, 1.0, 1.0, 1.0]",1, revir,2,-11.17,-5.58,0.0,87,0.0,87,0.0,8.0,,0.28,Qwen/Qwen3.5-2B-Base,uniform_check_lite,algorithmic,short,gen_reverse_word,"Reverse the word ""river"": ", revir,5,"{""task"": ""reverse_word""}",baseline,0.0,87.0,-5.58,0.0,8.0,7.04,0.36,1.93,0.0,0.0,0.0,0.0,0.0
alg_gen_reverse_word_0025,constant_0.5,constant,"{""g_function"": ""constant"", ""g_params"": {""value"": 0.5}, ""name"": ""constant_0.5""}","[0.5, 0.5, 0.5, 0.5, 0.5, 0.5]",1, revir,2,-28.15,-14.07,0.0,165341,0.0,165341,0.0,5.37,6.09,0.19,Qwen/Qwen3.5-2B-Base,uniform_check_lite,algorithmic,short,gen_reverse_word,"Reverse the word ""river"": ", revir,5,"{""task"": ""reverse_word""}",constant,0.0,87.0,-5.58,0.0,8.0,7.04,0.36,1.93,-0.0,165254.0,-8.49,-0.0,-2.63
alg_gen_reverse_word_0025,constant_0.75,constant,"{""g_function"": ""constant"", ""g_params"": {""value"": 0.75}, ""name"": ""constant_0.75""}","[0.75, 0.75, 0.75, 0.75, 0.75, 0.75]",1, revir,2,-8.62,-4.31,0.01,29,0.0,29,0.0,7.21,0.57,0.17,Qwen/Qwen3.5-2B-Base,uniform_check_lite,algorithmic,short,gen_reverse_word,"Reverse the word ""river"": ", revir,5,"{""task"": ""reverse_word""}",constant,0.0,87.0,-5.58,0.0,8.0,7.04,0.36,1.93,0.0,-58.0,1.27,0.01,-0.79
alg_gen_reverse_word_0025,constant_1.25,constant,"{""g_function"": ""constant"", ""g_params"": {""value"": 1.25}, ""name"": ""constant_1.25""}","[1.25, 1.25, 1.25, 1.25, 1.25, 1.25]",1, revir,2,-14.24,-7.12,0.0,423,0.0,423,0.0,6.97,0.4,0.25,Qwen/Qwen3.5-2B-Base,uniform_check_lite,algorithmic,short,gen_reverse_word,"Reverse the word ""river"": ", revir,5,"{""task"": ""reverse_word""}",constant,0.0,87.0,-5.58,0.0,8.0,7.04,0.36,1.93,-0.0,336.0,-1.54,-0.0,-1.03
alg_gen_reverse_word_0025,constant_1.5,constant,"{""g_function"": ""constant"", ""g_params"": {""value"": 1.5}, ""name"": ""constant_1.5""}","[1.5, 1.5, 1.5, 1.5, 1.5, 1.5]",1, revir,2,-17.65,-8.83,0.0,1110,0.0,1110,0.0,6.53,1.21,0.2,Qwen/Qwen3.5-2B-Base,uniform_check_lite,algorithmic,short,gen_reverse_word,"Reverse the word ""river"": ", revir,5,"{""task"": ""reverse_word""}",constant,0.0,87.0,-5.58,0.0,8.0,7.04,0.36,1.93,-0.0,1023.0,-3.24,-0.0,-1.47
alg_gen_reverse_word_0026,baseline,constant,"{""g_function"": ""constant"", ""g_params"": {""value"": 1.0}, ""name"": ""baseline""}","[1.0, 1.0, 1.0, 1.0, 1.0, 1.0]",1, nohtyp,3,-15.42,-5.14,0.01,70,0.0,70,0.0,8.13,,0.2,Qwen/Qwen3.5-2B-Base,uniform_check_lite,algorithmic,short,gen_reverse_word,"Reverse the word ""python"": ", nohtyp,5,"{""task"": ""reverse_word""}",baseline,0.0,70.0,-5.14,0.01,8.13,6.81,0.14,2.01,0.0,0.0,0.0,0.0,0.0
alg_gen_reverse_word_0026,constant_0.5,constant,"{""g_function"": ""constant"", ""g_params"": {""value"": 0.5}, ""name"": ""constant_0.5""}","[0.5, 0.5, 0.5, 0.5, 0.5, 0.5]",1, nohtyp,3,-36.1,-12.03,0.0,2673,0.0,2673,0.0,3.94,6.72,0.17,Qwen/Qwen3.5-2B-Base,uniform_check_lite,algorithmic,short,gen_reverse_word,"Reverse the word ""python"": ", nohtyp,5,"{""task"": ""reverse_word""}",constant,0.0,70.0,-5.14,0.01,8.13,6.81,0.14,2.01,-0.0,2603.0,-6.9,-0.01,-4.2
alg_gen_reverse_word_0026,constant_0.75,constant,"{""g_function"": ""constant"", ""g_params"": {""value"": 0.75}, ""name"": ""constant_0.75""}","[0.75, 0.75, 0.75, 0.75, 0.75, 0.75]",1, nohtyp,3,-15.25,-5.08,0.01,37,0.0,37,0.0,7.18,0.75,0.21,Qwen/Qwen3.5-2B-Base,uniform_check_lite,algorithmic,short,gen_reverse_word,"Reverse the word ""python"": ", nohtyp,5,"{""task"": ""reverse_word""}",constant,0.0,70.0,-5.14,0.01,8.13,6.81,0.14,2.01,0.0,-33.0,0.05,0.0,-0.96
alg_gen_reverse_word_0026,constant_1.25,constant,"{""g_function"": ""constant"", ""g_params"": {""value"": 1.25}, ""name"": ""constant_1.25""}","[1.25, 1.25, 1.25, 1.25, 1.25, 1.25]",1, nohtyp,3,-17.65,-5.88,0.0,263,0.0,263,0.0,7.61,0.33,0.2,Qwen/Qwen3.5-2B-Base,uniform_check_lite,algorithmic,short,gen_reverse_word,"Reverse the word ""python"": ", nohtyp,5,"{""task"": ""reverse_word""}",constant,0.0,70.0,-5.14,0.01,8.13,6.81,0.14,2.01,-0.0,193.0,-0.74,-0.0,-0.52
alg_gen_reverse_word_0026,constant_1.5,constant,"{""g_function"": ""constant"", ""g_params"": {""value"": 1.5}, ""name"": ""constant_1.5""}","[1.5, 1.5, 1.5, 1.5, 1.5, 1.5]",1, nohtyp,3,-23.13,-7.71,0.0,727,0.0,727,0.0,7.36,1.08,0.18,Qwen/Qwen3.5-2B-Base,uniform_check_lite,algorithmic,short,gen_reverse_word,"Reverse the word ""python"": ", nohtyp,5,"{""task"": ""reverse_word""}",constant,0.0,70.0,-5.14,0.01,8.13,6.81,0.14,2.01,-0.0,657.0,-2.57,-0.01,-0.78
